Question,réponse
Quelles sont les pièces nécessaires pour le concours ?,"Tu dois préparer un dossier complet : acte de naissance certifié conforme, ton Bac ou diplôme équivalent, relevés de notes, certificat médical récent, photocopie de ta carte d’identité, quittance des frais de concours, formulaire d’inscription rempli et quatre photos d’identité."
Quel Bac faut-il pour le cycle Inspecteur ?,"Ce cycle est réservé aux littéraires, donc si tu as un Bac A2 ou A4, tu es dans la bonne filière."
Quel Bac faut-il pour le cycle Ingénieur ?,"Ici, ce sont les scientifiques qui sont attendus : Bac C, D, E ou TI, car les cours sont très techniques."
Quel Bac faut-il pour la Licence en Télécoms ?,"Un Bac scientifique ou technique, car tu vas travailler sur des bases solides en maths et physique."
Quel diplôme faut-il pour le Master en TIC ?,"Il faut déjà une Licence en télécoms, informatique ou une filière proche, car le Master approfondit ces domaines."
Quand dois-je déposer mon dossier ?,"Les dépôts se font en milieu d’année, généralement entre juin et juillet, donc prépare-toi tôt."
Où dois-je déposer mon dossier ?,"Tu dois te rendre directement à la Direction des Études de SUP’PTIC, c’est là que tout se centralise."
Quelle preuve de paiement dois-je mettre ?,"La quittance des frais de concours, c’est la preuve que tu as bien réglé tes droits d’inscription."
Combien de photos faut-il ?,"Quatre photos récentes, bien nettes, car elles serviront pour tes dossiers administratifs."
Quel papier médical est demandé ?,"Un certificat médical d’aptitude, pour montrer que tu es en bonne condition pour suivre la formation."
Quel papier prouve mon identité ?,"La photocopie de ta carte nationale d’identité, c’est indispensable pour valider ton dossier."
Quel document dois-je remplir ?,"Le formulaire officiel d’inscription, sans lui ton dossier n’est pas recevable."
Quels sont les cycles disponibles ?,"SUP’PTIC propose quatre cycles : Inspecteur, Licence, Master et Ingénieur."
Quelle filière correspond au cycle Inspecteur ?,"Postes et Télécommunications, pour former des cadres moyens dans ce domaine."
Quelle filière correspond au cycle Ingénieur ?,"Ingénierie des Télécommunications, pour former des ingénieurs spécialisés."
Quelle filière correspond au cycle Licence ?,"Télécommunications, pour former des techniciens supérieurs."
Quelle filière correspond au cycle Master ?,"Technologies de l’Information et de la Communication, pour approfondir tes compétences."
Que se passe-t-il si mon dossier est incomplet ?,"Il est automatiquement rejeté, donc vérifie bien chaque pièce avant de déposer."
Qui supervise SUP’PTIC ?,C’est le Ministère de l’Enseignement Supérieur qui encadre l’école.
Comment entre-t-on à SUP’PTIC ?,"Par concours, c’est la voie principale d’admission."
Quelles sont les épreuves du concours Inspecteur ?,"Des épreuves littéraires et de culture générale, adaptées aux profils littéraires."
Quelles sont les épreuves du concours Ingénieur ?,"Mathématiques et physique, pour tester tes bases scientifiques."
Quelles sont les épreuves du concours Licence ?,"Mathématiques et sciences, pour vérifier ton niveau technique."
Quelles sont les épreuves du concours Master ?,"Des épreuves spécialisées en TIC, pour évaluer tes connaissances avancées."
Quelle est la durée des études au cycle Inspecteur ?,"Trois ans, avec un programme orienté vers la pratique."
Quelle est la durée des études au cycle Ingénieur ?,"Cinq ans, car la formation est complète et exigeante."
Quelle est la durée des études au cycle Licence ?,"Trois ans, comme une Licence classique."
Quelle est la durée des études au cycle Master ?,"Deux ans, pour approfondir et se spécialiser."
Que forme le cycle Inspecteur ?,Des cadres moyens capables de gérer les postes et télécommunications.
Que forme le cycle Ingénieur ?,"Des ingénieurs spécialisés en télécommunications, prêts à travailler sur des projets complexes."
Que forme le cycle Licence ?,Des techniciens supérieurs qui maîtrisent les bases des télécoms.
Que forme le cycle Master ?,Des spécialistes en TIC capables d’innover et de diriger des projets.
Quels sont les frais de concours ?,"Les frais sont fixés chaque année par SUP’PTIC, et tu dois les payer avant de déposer ton dossier."
Que faire si je n’ai pas encore mon diplôme du Bac ?,Tu peux déposer une attestation de réussite en attendant ton diplôme officiel.
Est-ce que les étrangers peuvent s’inscrire ?,"Oui, SUP’PTIC accepte des candidats étrangers, mais ils doivent respecter les conditions fixées par l’école."
Quelle langue est utilisée pour le concours ?,"Le français est la langue principale des épreuves, donc il faut être à l’aise avec."
Que dois-je vérifier avant de déposer mon dossier ?,"Vérifie que toutes les pièces sont présentes et conformes, sinon ton dossier sera rejeté."
Que dois-je faire après avoir réussi le concours ?,Tu dois confirmer ton inscription en payant les frais de scolarité et en fournissant les pièces demandées.
Quelle est la pièce la plus importante du dossier ?,"Ton diplôme du Bac, car il prouve ton niveau académique."
Que dois-je faire si je rate le concours ?,"Tu devras attendre la prochaine session et mieux te préparer, car l’admission se fait uniquement par concours."
Est-ce que le concours est difficile ?,"Oui, il est sélectif, mais avec une bonne préparation et de la discipline, tu peux réussir."
Comment bien préparer le concours Inspecteur ?,"Révise tes matières littéraires, entraîne-toi à la culture générale et travaille ton expression écrite."
Comment bien préparer le concours Ingénieur ?,"Mets l’accent sur les mathématiques et la physique, car ce sont les matières clés des épreuves."
Comment bien préparer le concours Licence ?,"Concentre-toi sur les sciences et les mathématiques, car elles sont au cœur des tests."
Comment bien préparer le concours Master ?,Revois tes cours de Licence en TIC et entraîne-toi sur des sujets spécialisés.
Quelle est la durée des épreuves du concours ?,"Cela dépend du cycle, mais prévois plusieurs heures de travail intense."
Quelle est la note minimale pour être admissible ?,"Elle est fixée chaque année par SUP’PTIC, donc il faut viser le maximum."
Que se passe-t-il après l’admissibilité ?,"Tu passes à la phase de confirmation, qui peut inclure un entretien ou une vérification de ton dossier."
Que dois-je faire après avoir été admis ?,Tu dois payer tes frais de scolarité et fournir les pièces complémentaires pour finaliser ton inscription.
Quels sont les frais de scolarité ?,Ils sont fixés par SUP’PTIC chaque année et doivent être réglés avant le début des cours.
Quels sont les débouchés du cycle Inspecteur ?,Tu peux travailler comme cadre moyen dans les postes et télécommunications.
Quels sont les débouchés du cycle Ingénieur ?,"Tu peux devenir ingénieur en télécoms, travailler dans des entreprises de téléphonie ou des projets technologiques."
Quels sont les débouchés du cycle Licence ?,Tu peux travailler comme technicien supérieur dans les télécoms ou poursuivre en Master.
Quels sont les débouchés du cycle Master ?,Tu peux occuper des postes de responsabilité dans les TIC ou poursuivre en doctorat.
Que se passe-t-il si je n’ai pas le certificat médical ?,"Ton aptitude physique ne peut pas être validée, ton dossier est refusé."
Que se passe-t-il si je n’ai pas la quittance de paiement ?,"Ton dossier est rejeté, car le paiement est obligatoire."
Que se passe-t-il si je n’ai pas les photos d’identité ?,"Ton dossier sera refusé, car les photos sont utilisées pour toutes tes fiches administratives."
Que se passe-t-il si je n’ai pas l’acte de naissance ?,"Ton état civil ne peut pas être validé, donc ton dossier est automatiquement rejeté."
Que se passe-t-il si je n’ai pas les relevés de notes ?,"On ne peut pas vérifier ton parcours scolaire, ton dossier est refusé."
Que se passe-t-il si je n’ai pas la carte nationale d’identité ?,"Tu ne peux pas prouver ton identité, ton dossier est incomplet."
Que se passe-t-il si je n’ai pas le formulaire d’inscription ?,"Ton dossier est rejeté, car ce formulaire est la base de ton inscription."
Que dois-je faire pour être sûr que mon dossier est accepté ?,"Vérifie chaque pièce, fais certifier tes documents et dépose ton dossier avant la date limite."
Que dois-je faire après avoir déposé mon dossier ?,Attends ta convocation au concours et prépare-toi sérieusement aux épreuves.
Que dois-je faire si je suis admis ?,Tu dois confirmer ton inscription en payant les frais de scolarité et en fournissant les pièces complémentaires.
Quels conseils pour réussir le concours Inspecteur ?,"Travaille ton français, révise la culture générale et entraîne-toi à rédiger clairement."
Quels conseils pour réussir le concours Ingénieur ?,"Mets l’accent sur les maths et la physique, car ce sont les matières clés."
Quels conseils pour réussir le concours Licence ?,Revois tes bases scientifiques et entraîne-toi sur des exercices pratiques.
Quels conseils pour réussir le concours Master ?,Relis tes cours de Licence et prépare-toi sur des sujets pointus en TIC.
Quels sont les débouchés après le cycle Inspecteur ?,Tu peux travailler dans les postes et télécommunications comme cadre moyen.
Quels sont les débouchés après le cycle Ingénieur ?,Tu peux devenir ingénieur en télécoms et travailler dans des grandes entreprises technologiques.
Quels sont les débouchés après le cycle Licence ?,Tu peux travailler comme technicien supérieur ou poursuivre en Master.
Quels sont les débouchés après le cycle Master ?,Tu peux occuper des postes de responsabilité dans les TIC ou continuer en doctorat.
Quelle est la durée des études au cycle Inspecteur ?,"Trois ans, avec beaucoup de pratique pour te préparer au terrain."
Quelle est la durée des études au cycle Ingénieur ?,"Cinq ans, car la formation est complète et exigeante."
Quelle est la durée des études au cycle Licence ?,"Trois ans, comme une Licence classique."
Quelle est la durée des études au cycle Master ?,"Deux ans, pour approfondir et se spécialiser."
Que dois-je faire si je rate le concours ?,"Attends la prochaine session et prépare-toi mieux, car l’admission se fait uniquement par concours."
Est-ce que le concours est sélectif ?,"Oui, il est compétitif, mais une bonne préparation augmente tes chances."
Quelle est la langue principale du concours ?,"Le français, donc il faut être à l’aise avec cette langue."
Que dois-je faire après avoir été admissible ?,Prépare-toi à l’entretien ou à la vérification finale de ton dossier.
Quelle est la pièce qui prouve mon état civil ?,L’acte de naissance certifié conforme.
Quelle est la pièce qui prouve mon niveau académique ?,Ton diplôme du Bac ou équivalent.
Quelle est la pièce qui complète le diplôme ?,Les relevés de notes.
Quelle est la pièce qui prouve mon aptitude physique ?,Le certificat médical.
Quelle est la pièce qui prouve mon identité officielle ?,La carte nationale d’identité.
Quelle est la pièce qui prouve que j’ai payé les frais ?,La quittance de paiement.
Quelle est la pièce qui confirme mon inscription administrative ?,Le formulaire d’inscription rempli.
Quelle est la pièce qui confirme mon inscription académique ?,Les relevés de notes.
Quelle est la pièce qui confirme mon inscription personnelle ?,Les photos d’identité.
Que se passe-t-il si je n’ai pas le certificat médical ?,"Ton aptitude physique ne peut pas être validée, ton dossier est refusé."
Que se passe-t-il si je n’ai pas la quittance de paiement ?,"Ton dossier est rejeté, car le paiement est obligatoire."
Que se passe-t-il si je n’ai pas les photos d’identité ?,"Ton dossier sera refusé, car les photos sont utilisées pour toutes tes fiches administratives."
Que se passe-t-il si je n’ai pas l’acte de naissance ?,"Impossible de valider ton état civil, donc ton dossier ne passe pas."
Que se passe-t-il si je n’ai pas les relevés de notes ?,"Ton niveau académique ne peut pas être vérifié, ton dossier est rejeté."
Que se passe-t-il si je n’ai pas la carte nationale d’identité ?,"Tu ne peux pas prouver ton identité, ton dossier est incomplet."
Que se passe-t-il si je n’ai pas le formulaire d’inscription ?,"Ton dossier est automatiquement rejeté, car c’est la base de ton inscription."
Que dois-je faire pour être sûr que mon dossier est accepté ?,"Vérifie chaque pièce, fais certifier tes documents et dépose ton dossier avant la date limite."
Que dois-je faire après avoir déposé mon dossier ?,Attends la convocation au concours et prépare-toi sérieusement aux épreuves.
Que dois-je faire si je suis admis ?,Tu dois confirmer ton inscription en payant les frais de scolarité et en fournissant les pièces complémentaires demandées.
Quel est le conseil le plus important pour réussir ?,"Sois organisé, prépare ton dossier à temps et révise sérieusement tes matières, car la rigueur est la clé."
